Log GDP per capita,Healthy life expectancy at birth,Freedom to make life choices,Social support,year
7.35,50.5,0.718,0.451,2008
7.509,50.8,0.679,0.552,2009
7.614,51.1,0.6,0.539,2010
7.581,51.4,0.496,0.521,2011
7.661,51.7,0.531,0.521,2012
7.68,52.0,0.578,0.484,2013
7.671,52.3,0.509,0.526,2014
7.654,52.6,0.389,0.529,2015
7.65,52.925,0.523,0.559,2016
7.648,53.25,0.427,0.491,2017
7.631,53.575,0.374,0.508,2018
7.64,53.9,0.394,0.42,2019
7.324,54.55,0.394,0.454,2021
7.61175,54.875,0.368,0.228,2022
9.122,66.76,0.529,0.821,2007
9.241,67.32,0.525,0.833,2009
9.283,67.6,0.569,0.733,2010
9.311,67.88,0.487,0.759,2011
9.326,68.16,0.602,0.785,2012
9.338,68.44,0.632,0.759,2013
9.358,68.72,0.735,0.626,2014
9.383,69.0,0.704,0.639,2015
9.417,69.025,0.73,0.638,2016
9.455,69.05,0.75,0.638,2017
9.497,69.075,0.824,0.684,2018
9.522,69.1,0.777,0.686,2019
9.492,69.125,0.754,0.71,2020
9.583,69.15,0.827,0.702,2021
9.626,69.175,0.802,0.724,2022
9.306,65.5,0.593,0.8405,2010
9.316,65.6,0.53,0.81,2011
9.33,65.7,0.587,0.839,2012
9.355,65.9,0.85725,0.818,2014
9.383,66.1,0.542,0.749,2016
9.377,66.2,0.437,0.807,2017
9.37,66.3,0.583,0.799,2018
9.361,66.4,0.385,0.803,2019
9.291,66.5,0.574,0.868,2020
9.309,66.6,0.558,0.841,2021
8.944,51.22,0.584,0.723,2011
8.989,51.84,0.456,0.753,2012
9.0,52.46,0.41,0.722,2013
9.01,53.08,0.375,0.755,2014
9.937,65.82,0.733,0.938,2006
10.013,65.94,0.653,0.862,2007
10.043,66.06,0.678,0.892,2008
9.972,66.18,0.637,0.919,2009
10.066,66.3,0.73,0.927,2010
10.112,66.42,0.816,0.889,2011
10.091,66.54,0.747,0.902,2012
10.103,66.66,0.737,0.91,2013
10.067,66.78,0.745,0.918,2014
10.083,66.9,0.881,0.926,2015
10.051,66.95,0.848,0.883,2016
10.069,67.0,0.832,0.907,2017
10.032,67.05,0.846,0.9,2018
10.002,67.1,0.817,0.896,2019
9.888,67.15,0.823,0.897,2020
9.977,67.2,0.819,0.882,2021
10.011,67.25,0.825,0.893,2022
9.021,63.84,0.52,0.682,2006
9.157,64.08,0.605,0.76,2007
9.23,64.32,0.462,0.709,2008
9.085,64.56,0.441,0.68,2009
9.113,64.8,0.459,0.66,2010
9.164,65.04,0.465,0.705,2011
9.239,65.28,0.502,0.676,2012
9.276,65.52,0.504,0.723,2013
9.315,65.76,0.506,0.739,2014
9.351,66.0,0.551,0.723,2015
9.357,66.275,0.611,0.709,2016
9.434,66.55,0.614,0.698,2017
9.49,66.825,0.808,0.814,2018
9.569,67.1,0.844,0.782,2019
9.561,67.65,0.795,0.762,2021
9.668,67.925,0.79,0.811,2022
10.694,69.96,0.891,0.965,2007
10.709,70.04,0.916,0.947,2008
10.714,70.2,0.932,0.955,2010
10.723,70.28,0.945,0.967,2011
10.744,70.36,0.935,0.945,2012
10.752,70.44,0.933,0.928,2013
10.763,70.52,0.923,0.924,2014
10.77,70.6,0.922,0.952,2015
10.781,70.675,0.922,0.942,2016
10.787,70.75,0.911,0.95,2017
10.801,70.825,0.916,0.94,2018
10.807,70.9,0.918,0.943,2019
10.794,70.975,0.905,0.937,2020
10.815,71.05,0.912,0.92,2021
10.854,71.125,0.854,0.942,2022
10.836,69.5,0.941,0.936,2006
10.881,69.7,0.879,0.935,2008
10.856,69.9,0.896,0.914,2010
10.881,70.0,0.939,0.944,2011
10.884,70.1,0.92,0.945,2012
10.878,70.2,0.922,0.95,2013
10.877,70.3,0.885,0.899,2014
10.876,70.4,0.9,0.928,2015
10.885,70.525,0.889,0.926,2016
10.9,70.65,0.89,0.906,2017
10.919,70.775,0.904,0.912,2018
10.93,70.9,0.903,0.964,2019
10.859,71.025,0.912,0.925,2020
10.899,71.15,0.795,0.863,2021
10.939,71.275,0.856,0.876,2022
9.154,60.58,0.772,0.854,2006
9.366,60.86,0.522,0.753,2007
9.447,61.14,0.601,0.684,2008
9.515,61.42,0.498,0.736,2009
9.553,61.7,0.501,0.687,2010
9.541,61.98,0.537,0.725,2011
9.549,62.26,0.599,0.762,2012
9.592,62.54,0.672,0.77,2013
9.607,62.82,0.733,0.799,2014
9.606,63.1,0.764,0.786,2015
9.563,63.225,0.713,0.777,2016
9.555,63.35,0.731,0.787,2017
9.562,63.475,0.772,0.781,2018
9.578,63.6,0.854,0.887,2019
10.714,64.76,0.896,0.904,2009
10.728,65.0,0.862,0.877,2010
10.749,65.24,0.87,0.908,2011
10.775,65.48,0.682,0.911,2012
10.798,65.72,0.809,0.884,2013
10.802,65.96,0.85,0.853,2014
10.788,66.2,0.85,0.853,2015
10.789,66.125,0.889,0.863,2016
10.798,66.05,0.906,0.876,2017
10.815,65.9,0.907,0.878,2019
10.776,65.825,0.945,0.848,2020
7.94,59.12,0.612,0.672,2006
7.997,59.64,0.605,0.514,2007
8.047,60.16,0.606,0.467,2008
8.087,60.68,0.631,0.528,2009
8.13,61.2,0.659,0.549,2010
8.181,61.72,0.838,0.606,2011
8.231,62.24,0.668,0.582,2012
8.277,62.76,0.742,0.53,2013
8.323,63.28,0.736,0.577,2014
8.375,63.8,0.815,0.601,2015
8.431,63.925,0.875,0.649,2016
8.483,64.05,0.896,0.713,2017
8.542,64.175,0.901,0.706,2018
8.607,64.3,0.902,0.673,2019
8.629,64.425,0.777,0.739,2020
8.685,64.55,0.893,0.485,2021
8.743,64.675,0.865,0.404,2022
9.489,60.06,0.707,0.918,2006
9.576,60.62,0.667,0.858,2007
9.677,61.18,0.64,0.904,2008
9.681,61.74,0.679,0.908,2009
9.759,62.3,0.7,0.918,2010
9.813,62.86,0.656,0.91,2011
9.832,63.42,0.645,0.902,2012
9.842,63.98,0.723,0.923,2013
9.858,64.54,0.647,0.88,2014
9.818,65.1,0.623,0.924,2015
9.792,65.325,0.658,0.927,2016
9.818,65.55,0.621,0.9,2017
9.851,65.775,0.644,0.905,2018
9.867,66.0,0.657,0.917,2019
10.791,68.72,0.901,0.922,2007
10.788,68.88,0.887,0.923,2008
10.778,69.2,0.807,0.931,2010
10.782,69.36,0.88,0.937,2011
10.783,69.52,0.855,0.927,2012
10.783,69.68,0.891,0.909,2013
10.794,69.84,0.861,0.944,2014
10.809,70.0,0.869,0.885,2015
10.816,70.15,0.866,0.929,2016
10.829,70.3,0.857,0.922,2017
10.842,70.45,0.808,0.93,2018
10.859,70.6,0.776,0.884,2019
10.799,70.75,0.767,0.904,2020
10.854,70.9,0.823,0.915,2021
10.878,71.05,0.89,0.923,2022
9.192,64.3,0.705,0.872,2007
9.135,65.0,0.874,0.757,2014
7.844,51.96,0.58,0.445,2006
7.891,52.48,0.709,0.382,2008
7.876,53.26,0.773,0.477,2011
7.894,53.52,0.769,0.523,2012
7.935,53.78,0.783,0.577,2013
7.967,54.04,0.776,0.506,2014
7.955,54.3,0.733,0.434,2015
7.958,54.6,0.78,0.493,2016
7.984,54.9,0.727,0.436,2017
8.02,55.2,0.713,0.504,2018
8.057,55.5,0.77,0.442,2019
8.067,55.8,0.783,0.507,2020
8.108,56.1,0.724,0.436,2021
8.137,56.4,0.714,0.366,2022
9.097,62.24,0.81,0.819,2013
9.143,62.42,0.834,0.88,2014
9.198,62.6,0.83,0.848,2015
8.671,60.9,0.77,0.834,2006
8.698,61.1,0.78,0.796,2007
8.74,61.3,0.726,0.785,2008
8.756,61.5,0.779,0.831,2009
8.78,61.7,0.703,0.807,2010
8.813,61.9,0.782,0.817,2011
8.847,62.1,0.862,0.781,2012
8.896,62.3,0.846,0.803,2013
8.933,62.5,0.881,0.821,2014
8.965,62.7,0.884,0.829,2015
8.991,62.85,0.882,0.796,2016
9.017,63.0,0.884,0.779,2017
9.044,63.15,0.863,0.827,2018
9.051,63.3,0.881,0.784,2019
8.946,63.45,0.877,0.805,2020
8.994,63.6,0.862,0.798,2021
9.014,63.75,0.865,0.824,2022
9.191,67.0,0.342,0.766,2007
9.246,67.0,0.258,0.735,2009
9.272,67.0,0.365,0.773,2010
9.3,67.0,0.333,0.725,2011
9.31,67.0,0.42,0.779,2012
9.349,67.0,0.39,0.767,2013
9.373,67.0,0.412,0.788,2014
9.417,67.0,0.631,0.656,2015
9.46,67.05,0.633,0.808,2016
9.503,67.1,0.564,0.775,2017
9.552,67.15,0.659,0.836,2018
9.591,67.2,0.722,0.873,2019
9.572,67.25,0.74,0.899,2020
9.659,67.3,0.759,0.86,2021
9.495,48.84,0.824,0.883,2006
9.543,49.72,0.858,0.832,2008
9.446,50.6,0.826,0.866,2010
9.492,51.04,0.813,0.86,2011
9.471,51.48,0.799,0.837,2012
9.557,51.92,0.767,0.856,2013
9.593,52.36,0.791,0.859,2014
9.524,52.8,0.857,0.816,2015
9.573,53.075,0.852,0.768,2016
9.593,53.35,0.817,0.768,2017
9.613,53.625,0.818,0.795,2018
9.624,53.9,0.833,0.774,2019
9.629,54.725,0.739,0.75,2022
9.512,63.42,0.777,0.886,2007
9.552,63.58,0.782,0.878,2008
9.541,63.74,0.767,0.913,2009
9.604,63.9,0.806,0.906,2010
9.634,64.06,0.834,0.916,2011
9.644,64.22,0.849,0.89,2012
9.665,64.38,0.785,0.91,2013
9.661,64.54,0.714,0.898,2014
9.617,64.7,0.799,0.907,2015
9.575,64.875,0.807,0.912,2016
9.58,65.05,0.765,0.905,2017
9.59,65.225,0.751,0.882,2018
9.595,65.4,0.83,0.899,2019
9.548,65.575,0.786,0.831,2020
9.588,65.75,0.792,0.814,2021
9.611,65.925,0.83,0.866,2022
9.746,64.78,0.566,0.832,2007
9.807,65.2,0.545,0.843,2010
9.834,65.34,0.664,0.86,2011
9.848,65.48,0.641,0.838,2012
9.848,65.62,0.603,0.829,2013
9.863,65.76,0.576,0.886,2014
9.903,65.9,0.637,0.908,2015
9.94,66.0,0.7,0.926,2016
9.975,66.1,0.689,0.942,2017
10.008,66.2,0.724,0.924,2018
10.055,66.3,0.822,0.948,2019
10.021,66.4,0.818,0.916,2020
10.102,66.5,0.841,0.884,2021
10.138,66.6,0.741,0.953,2022
7.327,49.44,0.588,0.796,2006
7.337,49.88,0.582,0.771,2007
7.364,50.32,0.612,0.727,2008
7.416,51.2,0.587,0.773,2010
7.45,51.64,0.725,0.71,2011
7.482,52.08,0.622,0.744,2012
7.509,52.52,0.741,0.745,2013
7.521,52.96,0.71,0.742,2014
7.53,53.4,0.659,0.705,2015
7.558,53.775,0.645,0.764,2016
7.59,54.15,0.614,0.785,2017
7.626,54.525,0.721,0.665,2018
7.654,54.9,0.678,0.683,2019
7.647,55.275,0.75,0.668,2020
7.687,55.65,0.644,0.658,2021
6.7,49.66,0.26,0.291,2008
6.687,50.28,0.427,0.326,2009
6.694,51.52,0.49,0.422,2011
6.723,53.38,0.431,0.565,2014
6.607,55.2,0.646,0.485,2018
7.746,57.64,0.937,0.793,2006
7.826,57.98,0.819,0.675,2007
7.874,58.32,0.914,0.619,2008
7.86,58.66,0.937,0.818,2009
7.904,59.0,0.94,0.697,2010
7.957,59.34,0.927,0.716,2011
8.013,59.68,0.956,0.606,2012
8.07,60.02,0.941,0.651,2013
8.125,60.36,0.938,0.693,2014
8.179,60.7,0.956,0.729,2015
8.233,60.9,0.958,0.746,2016
8.287,61.1,0.964,0.765,2017
8.347,61.3,0.958,0.795,2018
8.404,61.5,0.957,0.759,2019
8.361,61.7,0.963,0.724,2020
8.379,61.9,0.965,0.713,2021
8.415,62.1,0.946,0.784,2022
8.09,47.84,0.653,0.69,2006
8.104,48.28,0.644,0.717,2007
8.104,48.72,0.58,0.697,2008
8.101,49.16,0.698,0.729,2009
8.101,49.6,0.792,0.759,2010
8.106,50.04,0.817,0.738,2011
8.123,50.48,0.766,0.743,2012
8.144,50.92,0.794,0.76,2013
8.169,51.36,0.795,0.778,2014
8.193,51.8,0.791,0.646,2015
8.207,52.475,0.713,0.659,2016
8.214,53.15,0.767,0.695,2017
8.225,53.825,0.816,0.677,2018
8.231,54.5,0.712,0.711,2019
8.207,55.175,0.675,0.72,2020
8.216,55.85,0.715,0.695,2021
8.227,56.525,0.675,0.629,2022
10.734,70.62,0.93,0.922,2007
10.733,70.68,0.926,0.939,2008
10.692,70.74,0.915,0.943,2009
10.711,70.8,0.934,0.954,2010
10.733,70.86,0.951,0.922,2011
10.739,70.92,0.918,0.948,2012
10.752,70.98,0.916,0.936,2013
10.77,71.04,0.939,0.918,2014
10.769,71.1,0.931,0.939,2015
10.768,71.15,0.912,0.924,2016
10.786,71.2,0.945,0.934,2017
10.799,71.25,0.946,0.923,2018
10.803,71.3,0.912,0.925,2019
10.738,71.35,0.887,0.931,2020
10.777,71.4,0.898,0.926,2021
10.803,71.45,0.838,0.929,2022
6.946,41.48,0.663,0.532,2007
7.031,42.5,0.69,0.483,2010
7.057,42.84,0.78,0.387,2011
6.707,44.75,0.624,0.29,2016
6.733,45.3,0.645,0.32,2017
7.369,47.08,0.306,0.724,2006
7.368,47.46,0.295,0.479,2007
7.363,47.84,0.527,0.571,2008
7.369,48.22,0.401,0.646,2009
7.462,48.6,0.505,0.734,2010
7.428,48.98,0.54,0.819,2011
7.478,49.36,0.563,0.673,2012
7.498,49.74,0.488,0.714,2013
7.529,50.12,0.567,0.733,2014
7.525,50.5,0.474,0.751,2015
7.429,50.875,0.525,0.616,2016
7.365,51.25,0.615,0.661,2017
7.355,51.625,0.65,0.577,2018
7.354,52.0,0.537,0.64,2019
7.261,53.125,0.679,0.72,2022
9.87,67.78,0.744,0.836,2006
9.91,67.96,0.662,0.815,2007
9.938,68.14,0.64,0.804,2008
9.916,68.32,0.747,0.832,2009
9.963,68.5,0.786,0.857,2010
10.013,68.68,0.701,0.819,2011
10.063,68.86,0.734,0.855,2012
10.086,69.04,0.737,0.862,2013
10.094,69.22,0.733,0.862,2014
10.105,69.4,0.769,0.827,2015
10.11,69.55,0.652,0.841,2016
10.108,69.7,0.79,0.88,2017
10.13,69.85,0.789,0.89,2018
10.119,70.0,0.659,0.869,2019
10.044,70.15,0.781,0.888,2020
10.144,70.3,0.803,0.891,2021
10.154,70.45,0.793,0.887,2022
8.696,65.66,0.805,0.747,2006
8.824,65.92,0.824,0.811,2007
8.911,66.18,0.853,0.748,2008
8.996,66.44,0.771,0.798,2009
9.092,66.7,0.805,0.768,2010
9.178,66.96,0.824,0.787,2011
9.247,67.22,0.808,0.788,2012
9.315,67.48,0.805,0.778,2013
9.38,67.74,0.895,0.82,2014
9.442,68.0,0.927,0.794,2015
9.503,68.125,0.891,0.742,2016
9.564,68.25,0.878,0.772,2017
9.625,68.375,0.895,0.788,2018
9.679,68.5,0.927,0.822,2019
9.699,68.625,0.891,0.808,2020
9.776,68.75,0.875,0.856,2021
9.277,66.32,0.805,0.91,2006
9.33,66.54,0.786,0.894,2007
9.351,66.76,0.795,0.88,2008
9.351,66.98,0.757,0.886,2009
9.383,67.2,0.816,0.893,2010
9.44,67.42,0.811,0.904,2011
9.468,67.64,0.828,0.914,2012
9.508,67.86,0.841,0.901,2013
9.542,68.08,0.801,0.907,2014
9.562,68.3,0.791,0.89,2015
9.572,68.475,0.835,0.882,2016
9.57,68.65,0.838,0.909,2017
9.577,68.825,0.851,0.871,2018
9.59,69.0,0.822,0.873,2019
9.502,69.175,0.84,0.797,2020
9.592,69.35,0.775,0.793,2021
9.66,69.525,0.799,0.877,2022
7.999,56.76,0.508,0.629,2009
8.015,57.0,0.529,0.721,2010
8.034,57.24,0.5,0.722,2011
8.044,57.48,0.534,0.719,2012
8.1,58.725,0.56,0.621,2018
8.099,58.9,0.538,0.632,2019
8.075,59.425,0.481,0.472,2022
8.39,52.24,0.526,0.555,2008
8.502,53.38,0.745,0.637,2011
8.569,53.76,0.773,0.622,2012
8.538,54.14,0.726,0.68,2013
8.579,54.52,0.662,0.686,2014
8.519,54.9,0.85,0.642,2015
8.381,55.225,0.786,0.615,2016
8.312,55.55,0.778,0.655,2017
8.239,55.875,0.699,0.621,2018
8.215,56.2,0.686,0.625,2019
8.127,56.525,0.761,0.597,2020
8.082,56.85,0.738,0.568,2021
8.077,57.175,0.698,0.646,2022
6.699,49.4,0.556,0.733,2009
6.769,50.4,0.631,0.744,2011
6.803,50.9,0.557,0.77,2012
6.851,51.4,0.48,0.83,2013
6.907,51.9,0.556,0.822,2014
6.94,52.4,0.574,0.767,2015
6.929,52.825,0.637,0.864,2016
6.931,53.25,0.704,0.67,2017
7.007,55.375,0.664,0.654,2022
9.607,68.56,0.882,0.937,2006
9.672,68.72,0.923,0.918,2007
9.704,68.88,0.912,0.916,2008
9.682,69.04,0.886,0.9,2009
9.721,69.2,0.881,0.915,2010
9.752,69.36,0.926,0.892,2011
9.788,69.52,0.929,0.902,2012
9.801,69.68,0.898,0.902,2013
9.824,69.84,0.927,0.914,2014
9.85,70.0,0.907,0.878,2015
9.881,70.0,0.873,0.901,2016
9.912,70.0,0.936,0.922,2017
9.928,70.0,0.942,0.876,2018
9.944,70.0,0.927,0.906,2019
9.895,70.0,0.889,0.834,2020
9.962,70.0,0.887,0.876,2021
9.998,70.0,0.91,0.902,2022
10.174,66.94,0.662,0.91,2007
10.12,67.18,0.549,0.861,2009
10.11,67.3,0.564,0.796,2010
10.113,67.42,0.517,0.79,2011
10.092,67.54,0.542,0.776,2012
10.091,67.66,0.627,0.751,2013
10.091,67.78,0.519,0.646,2014
10.124,67.9,0.694,0.768,2015
10.166,68.075,0.672,0.798,2016
10.211,68.25,0.716,0.77,2017
10.248,68.425,0.691,0.91,2018
10.287,68.6,0.739,0.936,2019
10.202,68.775,0.837,0.923,2020
10.362,68.95,0.842,0.918,2021
10.458,69.125,0.593,0.91,2022
10.535,68.0,0.281,0.97,2006
10.568,70.16,0.836,0.878,2006
10.56,70.64,0.775,0.812,2009
10.556,70.8,0.755,0.822,2010
10.535,70.96,0.745,0.844,2011
10.484,71.12,0.725,0.767,2012
10.418,71.28,0.656,0.744,2013
10.412,71.44,0.715,0.77,2014
10.451,71.6,0.628,0.77,2015
10.51,71.8,0.756,0.786,2016
10.556,72.0,0.812,0.819,2017
10.599,72.2,0.794,0.826,2018
10.639,72.4,0.74,0.776,2019
10.583,72.6,0.763,0.806,2020
10.638,72.8,0.718,0.855,2021
10.425,73.0,0.698,0.82,2022
10.433,67.34,0.799,0.9,2007
10.419,67.7,0.779,0.934,2010
10.434,67.82,0.787,0.914,2011
10.425,67.94,0.74,0.912,2012
10.424,68.06,0.726,0.888,2013
10.445,68.18,0.8,0.878,2014
10.496,68.3,0.808,0.911,2015
10.519,68.425,0.85,0.931,2016
10.567,68.55,0.832,0.901,2017
10.595,68.675,0.79,0.929,2018
10.562,68.925,0.906,0.964,2020
10.615,69.05,0.891,0.95,2021
10.656,69.175,0.908,0.944,2022
10.889,68.74,0.932,0.954,2007
10.878,68.96,0.97,0.954,2008
10.822,69.18,0.949,0.939,2009
10.836,69.4,0.944,0.975,2010
10.845,69.62,0.935,0.962,2011
10.844,69.84,0.933,0.951,2012
10.849,70.06,0.92,0.965,2013
10.86,70.28,0.942,0.956,2014
10.876,70.5,0.941,0.96,2015
10.9,70.625,0.948,0.954,2016
10.922,70.75,0.955,0.952,2017
10.936,70.875,0.935,0.958,2018
10.948,71.0,0.963,0.958,2019
10.924,71.125,0.938,0.947,2020
10.968,71.25,0.933,0.945,2021
10.994,71.375,0.93,0.97,2022
8.115,53.64,0.773,0.69,2008
8.014,54.12,0.649,0.901,2009
7.934,54.6,0.764,0.86,2010
8.15,55.08,0.746,0.633,2011
9.306,65.36,0.858,0.919,2006
9.365,65.12,0.886,0.848,2007
9.384,64.88,0.848,0.85,2008
9.381,64.64,0.863,0.878,2009
9.448,64.4,0.824,0.86,2010
9.465,64.16,0.848,0.872,2011
9.479,63.92,0.84,0.879,2012
9.515,63.68,0.889,0.878,2013
9.57,63.44,0.905,0.891,2014
9.625,63.2,0.856,0.893,2015
9.678,63.4,0.873,0.895,2016
9.713,63.6,0.855,0.894,2017
9.769,63.8,0.867,0.862,2018
9.808,64.0,0.877,0.884,2019
9.727,64.2,0.835,0.806,2020
9.832,64.4,0.859,0.857,2021
9.874,64.6,0.853,0.82,2022
9.189,64.44,0.671,0.91,2006
9.194,64.78,0.67,0.839,2007
9.238,65.12,0.64,0.829,2008
9.227,65.46,0.737,0.779,2009
9.245,65.8,0.723,0.839,2010
9.305,66.14,0.788,0.818,2011
9.343,66.48,0.825,0.785,2012
9.376,66.82,0.787,0.801,2013
9.399,67.16,0.719,0.831,2014
9.385,67.5,0.801,0.856,2015
9.358,67.75,0.846,0.842,2016
9.366,68.0,0.879,0.849,2017
9.359,68.25,0.869,0.851,2018
9.341,68.5,0.83,0.808,2019
9.245,68.75,0.829,0.804,2020
9.275,69.0,0.821,0.786,2021
9.29,69.25,0.759,0.825,2022
9.085,61.52,0.609,0.686,2007
9.135,61.58,0.659,0.738,2008
9.161,61.64,0.611,0.744,2009
9.191,61.7,0.486,0.769,2010
9.186,61.76,0.59,0.753,2011
9.186,61.82,0.452,0.737,2012
9.184,61.88,0.474,0.675,2013
9.19,61.94,0.578,0.619,2014
9.21,62.0,0.659,0.73,2015
9.232,62.25,0.656,0.809,2016
9.253,62.5,0.593,0.638,2017
9.286,62.75,0.682,0.759,2018
9.322,63.0,0.774,0.772,2019
9.34,63.25,0.77,0.673,2020
9.356,63.5,0.704,0.717,2021
9.404,63.75,0.733,0.769,2022
8.885,65.12,0.683,0.878,2006
8.902,64.94,0.639,0.717,2007
8.919,64.76,0.636,0.747,2008
8.894,64.58,0.671,0.734,2009
8.911,64.4,0.669,0.757,2010
8.945,64.22,0.747,0.731,2011
8.968,64.04,0.683,0.806,2012
8.987,63.86,0.716,0.827,2013
9.0,63.68,0.778,0.798,2014
9.02,63.5,0.733,0.791,2015
9.042,63.85,0.8,0.794,2016
9.062,64.2,0.758,0.829,2017
9.084,64.55,0.863,0.82,2018
9.107,64.9,0.877,0.764,2019
9.02,65.25,0.924,0.696,2020
9.114,65.6,0.915,0.796,2021
9.135,65.95,0.914,0.772,2022
10.269,65.78,0.749,0.91,2006
10.346,66.06,0.712,0.896,2007
10.296,66.34,0.642,0.904,2008
10.14,66.62,0.611,0.874,2009
10.24,67.18,0.735,0.909,2011
10.275,67.46,0.697,0.889,2012
10.293,67.74,0.754,0.901,2013
10.325,68.02,0.773,0.917,2014
10.343,68.3,0.815,0.918,2015
10.374,68.525,0.843,0.938,2016
10.429,68.75,0.862,0.936,2017
10.463,68.975,0.886,0.933,2018
10.496,69.2,0.887,0.934,2019
10.488,69.425,0.954,0.958,2020
10.564,69.65,0.926,0.946,2021
10.571,69.875,0.904,0.933,2022
8.902,42.5,0.607,0.837,2011
9.029,49.3,0.71,0.779,2018
9.048,50.1,0.597,0.759,2019
7.252,56.32,0.776,0.659,2012
7.325,56.98,0.707,0.602,2013
7.396,57.64,0.694,0.64,2014
7.468,58.3,0.803,0.626,2015
7.531,58.7,0.744,0.719,2016
7.595,59.1,0.717,0.734,2017
7.634,59.5,0.74,0.74,2018
7.688,59.9,0.754,0.748,2019
7.72,60.3,0.769,0.823,2020
7.757,61.1,0.674,0.74,2022
10.745,68.72,0.969,0.965,2006
10.796,69.16,0.934,0.951,2008
10.734,69.6,0.916,0.935,2010
10.754,69.82,0.936,0.938,2011
10.735,70.04,0.921,0.928,2012
10.722,70.26,0.919,0.941,2013
10.714,70.48,0.933,0.952,2014
10.716,70.7,0.93,0.948,2015
10.741,70.775,0.948,0.954,2016
10.77,70.85,0.962,0.964,2017
10.78,70.925,0.938,0.962,2018
10.791,71.0,0.948,0.937,2019
10.767,71.075,0.962,0.962,2020
10.795,71.15,0.963,0.97,2021
10.814,71.225,0.959,0.974,2022
10.654,70.8,0.789,0.944,2006
10.669,71.0,0.833,0.935,2008
10.635,71.1,0.798,0.918,2009
10.649,71.2,0.85,0.943,2010
10.666,71.3,0.903,0.921,2011
10.664,71.4,0.841,0.937,2012
10.665,71.5,0.878,0.908,2013
10.669,71.6,0.803,0.878,2014
10.677,71.7,0.817,0.896,2015
10.685,71.8,0.787,0.885,2016
10.705,71.9,0.834,0.931,2017
10.72,72.0,0.816,0.921,2018
10.735,72.1,0.827,0.958,2019
10.651,72.2,0.823,0.947,2020
10.714,72.3,0.837,0.915,2021
10.737,72.4,0.798,0.866,2022
9.557,54.46,0.772,0.653,2011
9.573,54.92,0.566,0.736,2012
9.593,55.38,0.682,0.733,2013
9.601,55.84,0.607,0.829,2014
9.609,56.3,0.671,0.756,2015
9.601,56.625,0.699,0.78,2016
9.58,56.95,0.652,0.807,2017
9.565,57.275,0.719,0.785,2018
9.58,57.6,0.736,0.763,2019
9.54,57.925,0.528,0.701,2020
9.533,58.25,0.699,0.754,2021
9.539,58.575,0.699,0.775,2022
7.564,56.4,0.812,0.697,2017
7.607,56.7,0.719,0.685,2018
7.642,57.0,0.677,0.694,2019
7.648,57.9,0.599,0.588,2022
8.993,63.3,0.553,0.647,2006
9.117,63.4,0.464,0.548,2007
9.144,63.5,0.614,0.608,2008
9.116,63.6,0.495,0.544,2009
9.184,63.7,0.558,0.54,2010
9.263,63.8,0.632,0.503,2011
9.332,63.9,0.659,0.533,2012
9.371,64.0,0.722,0.559,2013
9.414,64.1,0.72,0.558,2014
9.442,64.2,0.64,0.517,2015
9.47,64.325,0.606,0.533,2016
9.517,64.45,0.821,0.59,2017
9.565,64.575,0.775,0.617,2018
9.615,64.7,0.811,0.675,2019
9.544,64.825,0.764,0.718,2020
9.648,64.95,0.777,0.671,2021
9.746,65.075,0.821,0.754,2022
10.76,69.94,0.801,0.926,2007
10.771,69.96,0.766,0.923,2008
10.715,69.98,0.844,0.935,2009
10.758,70.0,0.843,0.939,2010
10.815,70.02,0.906,0.947,2011
10.817,70.04,0.904,0.926,2012
10.819,70.06,0.894,0.931,2013
10.837,70.08,0.899,0.938,2014
10.843,70.1,0.889,0.926,2015
10.857,70.3,0.871,0.906,2016
10.879,70.5,0.841,0.892,2017
10.886,70.7,0.877,0.92,2018
10.894,70.9,0.885,0.886,2019
10.856,71.1,0.864,0.905,2020
10.881,71.3,0.778,0.868,2021
10.899,71.5,0.895,0.916,2022
8.067,52.54,0.849,0.728,2006
8.084,52.98,0.891,0.73,2007
8.145,53.42,0.838,0.622,2008
8.167,53.86,0.757,0.633,2009
8.219,54.3,0.891,0.739,2010
8.326,54.74,0.852,0.724,2011
8.39,55.18,0.679,0.685,2012
8.436,55.62,0.794,0.676,2013
8.44,56.06,0.677,0.651,2014
8.437,56.5,0.852,0.687,2015
8.447,56.875,0.751,0.647,2016
8.503,57.25,0.783,0.669,2017
8.542,57.625,0.817,0.761,2018
8.584,58.0,0.787,0.746,2019
8.569,58.375,0.824,0.643,2020
8.601,58.75,0.73,0.633,2021
8.615,59.125,0.786,0.628,2022
10.535,69.76,0.575,0.808,2007
10.483,69.92,0.443,0.793,2009
10.425,70.0,0.484,0.868,2010
10.32,70.08,0.528,0.852,2011
10.251,70.16,0.373,0.812,2012
10.233,70.24,0.426,0.687,2013
10.245,70.32,0.369,0.832,2014
10.249,70.4,0.532,0.835,2015
10.248,70.525,0.482,0.803,2016
10.261,70.65,0.438,0.753,2017
10.28,70.775,0.564,0.794,2018
10.3,70.9,0.614,0.891,2019
10.207,71.025,0.565,0.779,2020
10.294,71.15,0.574,0.85,2021
10.364,71.275,0.563,0.875,2022
8.85,58.98,0.663,0.83,2006
8.891,59.26,0.628,0.866,2007
8.905,59.54,0.63,0.866,2008
8.89,59.82,0.643,0.834,2009
8.901,60.1,0.696,0.859,2010
8.923,60.38,0.763,0.768,2011
8.935,60.66,0.865,0.802,2012
8.953,60.94,0.884,0.83,2013
8.98,61.22,0.843,0.834,2014
9.003,61.5,0.869,0.823,2015
9.013,61.7,0.863,0.811,2016
9.027,61.9,0.915,0.826,2017
9.044,62.1,0.91,0.841,2018
9.068,62.3,0.901,0.774,2019
9.116,62.9,0.856,0.806,2022
7.556,51.02,0.797,0.598,2011
7.589,51.14,0.646,0.542,2012
7.604,51.26,0.693,0.567,2013
7.615,51.38,0.684,0.638,2014
7.627,51.5,0.666,0.579,2015
7.704,51.95,0.726,0.675,2016
7.776,52.4,0.738,0.634,2017
7.813,52.85,0.731,0.63,2018
7.842,53.3,0.691,0.655,2019
7.865,53.75,0.598,0.732,2020
7.879,54.2,0.676,0.627,2021
7.9,54.65,0.729,0.582,2022
9.089,56.24,0.694,0.849,2007
7.973,6.72,0.449,0.694,2006
8.012,17.36,0.465,0.679,2008
7.984,28.0,0.373,0.554,2010
8.022,33.32,0.413,0.567,2011
8.012,38.64,0.482,0.749,2012
8.039,43.96,0.61,0.648,2013
8.041,49.28,0.509,0.554,2014
8.052,54.6,0.398,0.564,2015
8.056,54.9,0.304,0.584,2016
8.067,55.2,0.484,0.647,2017
8.07,55.5,0.591,0.538,2018
8.448,63.1,0.65,0.933,2006
8.485,62.9,0.676,0.819,2007
8.504,62.7,0.687,0.828,2008
8.458,62.5,0.661,0.824,2009
8.474,62.3,0.646,0.803,2010
8.492,62.1,0.783,0.766,2011
8.513,61.9,0.7,0.779,2012
8.521,61.7,0.698,0.792,2013
8.533,61.5,0.696,0.79,2014
8.553,61.3,0.534,0.772,2015
8.573,61.725,0.85,0.774,2016
8.603,62.15,0.898,0.843,2017
8.624,62.575,0.872,0.827,2018
8.633,63.0,0.846,0.797,2019
8.626,63.85,0.835,0.806,2021
8.645,64.275,0.851,0.729,2022
10.746,65.8575,0.91,0.812,2006
10.816,66.6675,0.922,0.84,2008
10.788,65.32,0.918,0.835,2009
10.847,65.64,0.89,0.857,2010
10.887,65.8,0.894,0.846,2011
10.893,65.96,0.88,0.826,2012
10.939,66.12,0.843,0.834,2014
10.97,66.28,0.8,0.832,2016
10.999,66.44,0.831,0.831,2017
10.995,66.6,0.727,0.856,2019
10.931,66.75,0.705,0.813,2020
11.002,66.9,0.669,0.821,2021
10.148,65.32,0.538,0.931,2007
10.093,65.64,0.464,0.901,2009
10.106,65.8,0.514,0.896,2010
10.127,65.96,0.631,0.894,2011
10.119,66.12,0.569,0.906,2012
10.14,66.28,0.674,0.877,2013
10.184,66.44,0.494,0.845,2014
10.223,66.6,0.558,0.859,2015
10.248,66.75,0.554,0.9,2016
10.292,66.9,0.661,0.877,2017
10.346,67.05,0.693,0.941,2018
10.394,67.2,0.798,0.947,2019
10.349,67.35,0.771,0.943,2020
10.422,67.5,0.727,0.948,2021
10.484,67.65,0.776,0.937,2022
10.878,71.2,0.885,0.977,2008
10.788,71.6,0.905,0.979,2012
10.823,71.7,0.923,0.967,2013
10.862,71.9,0.94,0.98,2015
10.909,71.925,0.952,0.985,2016
10.927,71.95,0.939,0.967,2017
10.949,72.0,0.959,0.982,2019
10.862,72.025,0.949,0.983,2020
10.889,72.05,0.923,0.98,2021
10.935,72.075,0.936,0.985,2022
8.141,55.86,0.774,0.707,2006
8.2,56.22,0.729,0.569,2007
8.216,56.58,0.756,0.684,2008
8.278,56.94,0.679,0.653,2009
8.346,57.3,0.783,0.605,2010
8.383,57.66,0.838,0.553,2011
8.423,58.02,0.609,0.511,2012
8.472,58.38,0.74,0.553,2013
8.531,58.74,0.809,0.621,2014
8.596,59.1,0.777,0.61,2015
8.664,59.4,0.82,0.614,2016
8.718,59.7,0.886,0.607,2017
8.77,60.0,0.89,0.638,2018
8.796,60.3,0.876,0.561,2019
8.718,60.6,0.906,0.616,2020
8.794,60.9,0.866,0.57,2021
8.85,61.2,0.893,0.608,2022
8.839,60.32,0.713,0.771,2006
8.888,60.54,0.603,0.704,2007
8.933,60.76,0.596,0.675,2008
8.966,60.98,0.784,0.779,2009
9.013,61.2,0.7,0.816,2010
9.061,61.42,0.878,0.825,2011
9.107,61.64,0.77,0.834,2012
9.149,61.86,0.781,0.794,2013
9.186,62.08,0.719,0.905,2014
9.222,62.3,0.779,0.809,2015
9.261,62.425,0.83,0.792,2016
9.3,62.55,0.865,0.796,2017
9.341,62.675,0.879,0.809,2018
9.381,62.8,0.866,0.802,2019
9.351,62.925,0.853,0.751,2020
9.381,63.05,0.885,0.817,2021
9.425,63.175,0.903,0.834,2022
9.595,64.58,0.533,0.718,2007
9.584,64.72,0.601,0.633,2008
9.636,65.14,0.798,0.582,2011
9.585,65.28,0.764,0.6,2012
9.555,65.42,0.73,0.664,2013
9.585,65.56,0.767,0.644,2014
9.548,65.7,0.78,0.572,2015
9.614,65.85,0.773,0.566,2016
9.627,66.0,0.731,0.714,2017
9.591,66.15,0.603,0.674,2018
9.553,66.3,0.623,0.698,2019
9.577,66.45,0.6,0.757,2020
9.616,66.6,0.609,0.771,2021
9.638,66.75,0.57,0.8,2022
8.982,60.94,0.386,0.744,2008
8.979,60.92,0.431,0.862,2009
9.009,60.9,0.419,0.854,2010
9.047,60.88,0.347,0.751,2011
9.133,60.86,0.315,0.73,2012
9.159,60.84,0.952,0.728,2013
9.126,60.82,0.646,0.725,2014
9.145,60.8,0.599,0.684,2015
9.25,61.275,0.666,0.719,2016
9.208,61.75,0.628,0.695,2017
9.21,62.225,0.598,0.764,2018
9.096,63.175,0.7,0.708,2020
9.101,63.65,0.594,0.73,2021
10.982,69.62,0.943,0.967,2006
10.939,69.86,0.894,0.983,2008
10.876,69.98,0.835,0.959,2009
10.887,70.1,0.856,0.973,2010
10.891,70.22,0.952,0.977,2011
10.887,70.34,0.902,0.962,2012
10.893,70.46,0.884,0.955,2013
10.969,70.58,0.922,0.968,2014
11.177,70.7,0.892,0.953,2015
11.186,70.8,0.875,0.958,2016
11.261,70.9,0.905,0.943,2017
11.331,71.0,0.861,0.938,2018
11.37,71.1,0.892,0.944,2019
11.42,71.2,0.882,0.96,2020
11.538,71.3,0.846,0.85,2021
11.625,71.4,0.895,0.906,2022
10.359,71.08,0.817,0.927,2006
10.4,71.16,0.683,0.868,2007
10.414,71.24,0.663,0.859,2008
10.399,71.32,0.593,0.937,2009
10.436,71.4,0.561,0.882,2010
10.472,71.48,0.722,0.893,2011
10.479,71.56,0.681,0.903,2012
10.503,71.64,0.739,0.909,2013
10.523,71.72,0.707,0.889,2014
10.527,71.8,0.753,0.864,2015
10.552,71.95,0.772,0.89,2016
10.574,72.1,0.768,0.916,2017
10.595,72.25,0.725,0.91,2018
10.617,72.4,0.834,0.946,2019
10.58,72.55,0.831,0.959,2020
10.647,72.7,0.82,0.917,2021
10.692,72.85,0.775,0.954,2022
10.722,70.8,0.684,0.912,2007
10.706,70.9,0.543,0.88,2008
10.647,71.0,0.701,0.88,2009
10.661,71.1,0.738,0.872,2010
10.666,71.2,0.568,0.913,2011
10.633,71.3,0.57,0.869,2012
10.603,71.4,0.499,0.916,2013
10.594,71.5,0.624,0.898,2014
10.603,71.6,0.575,0.909,2015
10.617,71.675,0.624,0.927,2016
10.635,71.75,0.633,0.92,2017
10.647,71.825,0.65,0.913,2018
10.663,71.9,0.709,0.838,2019
10.573,71.975,0.718,0.89,2020
10.644,72.05,0.703,0.886,2021
10.685,72.125,0.711,0.869,2022
8.164,48.9,0.76,0.667,2009
8.267,51.3,0.739,0.709,2013
8.334,51.9,0.781,0.711,2014
8.377,52.5,0.8,0.704,2015
8.421,53.075,0.769,0.617,2016
8.466,53.65,0.732,0.661,2017
8.507,54.225,0.713,0.621,2018
8.542,54.8,0.736,0.679,2019
8.537,55.375,0.77,0.613,2020
8.58,55.95,0.717,0.554,2021
8.612,56.525,0.713,0.536,2022
9.249,66.6,0.738,0.909,2006
9.193,66.6,0.796,0.855,2011
9.182,66.6,0.793,0.865,2013
9.185,66.6,0.809,0.874,2014
9.209,66.6,0.861,0.913,2017
9.234,66.6,0.891,0.878,2019
9.127,66.6,0.865,0.87,2020
9.169,66.6,0.731,0.857,2021
9.198,66.6,0.874,0.868,2022
10.578,72.64,0.796,0.938,2007
10.566,72.76,0.772,0.887,2008
10.507,72.88,0.73,0.888,2009
10.547,73.0,0.772,0.902,2010
10.549,73.12,0.814,0.917,2011
10.565,73.24,0.753,0.905,2012
10.586,73.36,0.821,0.924,2013
10.59,73.48,0.838,0.9,2014
10.607,73.6,0.832,0.923,2015
10.615,73.725,0.836,0.9,2016
10.632,73.85,0.849,0.882,2017
10.639,73.975,0.773,0.886,2018
10.638,74.1,0.806,0.878,2019
10.595,74.225,0.806,0.887,2020
10.616,74.35,0.801,0.896,2021
10.636,74.475,0.789,0.899,2022
9.308,66.16,0.646,0.841,2007
9.354,66.34,0.731,0.766,2008
9.381,66.52,0.771,0.899,2009
9.382,66.7,0.788,0.918,2010
9.383,66.88,0.76,0.878,2011
9.393,67.06,0.693,0.829,2012
9.354,67.24,0.692,0.84,2013
9.269,67.42,0.729,0.816,2014
9.202,67.6,0.767,0.83,2015
9.173,67.6,0.771,0.82,2016
9.173,67.6,0.766,0.815,2017
9.168,67.6,0.762,0.8,2018
9.164,67.6,0.726,0.793,2019
9.127,67.6,0.779,0.709,2020
9.129,67.6,0.773,0.703,2021
9.134,67.6,0.759,0.774,2022
9.804,58.0,0.731,0.872,2006
9.878,58.6,0.806,0.861,2007
9.892,59.2,0.727,0.839,2008
9.884,59.8,0.856,0.893,2009
9.94,60.4,0.785,0.904,2010
9.997,61.0,0.878,0.905,2011
10.03,61.6,0.84,0.892,2012
10.074,62.2,0.782,0.889,2013
10.101,62.8,0.799,0.795,2014
10.098,63.4,0.74,0.931,2015
10.095,63.8,0.783,0.928,2016
10.121,64.2,0.745,0.914,2017
10.148,64.6,0.84,0.937,2018
10.179,65.0,0.852,0.951,2019
10.141,65.4,0.872,0.966,2020
10.17,65.8,0.807,0.906,2021
10.187,66.2,0.883,0.923,2022
8.164,51.42,0.616,0.909,2006
8.201,51.94,0.75,0.841,2007
8.173,52.46,0.62,0.827,2008
8.176,52.98,0.584,0.789,2009
8.226,53.5,0.635,0.805,2010
8.249,54.02,0.709,0.846,2011
8.269,54.54,0.628,0.831,2012
8.282,55.06,0.708,0.825,2013
8.308,55.58,0.819,0.765,2014
8.334,56.1,0.793,0.777,2015
8.353,56.5,0.749,0.706,2016
8.369,56.9,0.853,0.715,2017
8.404,57.3,0.821,0.707,2018
8.434,57.7,0.818,0.676,2019
8.411,58.1,0.702,0.674,2020
8.465,58.5,0.678,0.702,2021
8.499,58.9,0.706,0.691,2022
9.416,67.1775,0.381,0.848,2007
8.858,68.4,0.769,0.884,2008
8.899,69.0,0.506,0.83,2009
8.94,69.2,0.451,0.708,2010
8.992,69.4,0.589,0.759,2011
9.0,69.6,0.636,0.757,2012
9.046,69.8,0.568,0.721,2013
9.082,70.0,0.441,0.706,2014
9.153,70.2,0.561,0.805,2015
9.213,70.175,0.827,0.824,2016
9.253,70.15,0.858,0.792,2017
9.283,70.1,0.89,0.822,2018
9.334,59.92,0.841,0.843,2019
9.279,60.34,0.88,0.792,2020
9.383,60.76,0.84,0.849,2021
9.416,61.18,0.865,0.888,2022
11.233,68.4,0.769,0.919,2006
11.074,69.0,0.819,0.926,2009
10.998,69.2,0.703,0.893,2010
11.024,69.4,0.769,0.882,2011
11.012,69.6,0.934,0.889,2012
10.952,69.8,0.751,0.862,2013
10.926,70.0,0.814,0.914,2014
10.893,70.2,0.822,0.823,2015
10.887,70.175,0.841,0.845,2016
10.82,70.15,0.884,0.853,2017
10.765,70.1,0.867,0.842,2019
8.185,59.92,0.678,0.844,2006
8.258,60.34,0.684,0.833,2007
8.329,60.76,0.719,0.792,2008
8.345,61.18,0.699,0.855,2009
8.329,61.6,0.72,0.885,2010
8.374,62.02,0.748,0.891,2011
8.357,62.44,0.703,0.856,2012
8.441,62.86,0.755,0.851,2013
8.46,63.28,0.736,0.898,2014
8.477,63.7,0.813,0.857,2015
8.5,64.225,0.814,0.914,2016
8.526,64.75,0.859,0.883,2017
8.543,65.275,0.945,0.898,2018
8.568,65.8,0.92,0.877,2019
8.461,66.325,0.935,0.902,2020
8.479,66.85,0.918,0.904,2021
8.517,67.375,0.948,0.927,2022
8.234,55.88,0.925,0.807,2006
8.291,56.26,0.867,0.79,2007
8.351,56.64,0.886,0.807,2008
8.538,57.78,0.882,0.691,2011
8.601,58.16,0.685,0.693,2012
8.883,59.9,0.891,0.707,2017
8.929,60.2,0.907,0.705,2018
8.967,60.5,0.906,0.729,2019
8.957,60.8,0.915,0.66,2020
8.968,61.1,0.927,0.65,2021
10.042,63.1,0.641,0.884,2006
10.145,63.4,0.7,0.836,2007
10.123,63.7,0.63,0.855,2008
9.985,64.0,0.437,0.807,2009
10.004,64.6,0.564,0.836,2011
10.085,64.9,0.564,0.851,2012
10.115,65.2,0.631,0.834,2013
10.143,65.5,0.671,0.881,2014
10.19,65.8,0.656,0.879,2015
10.222,65.9,0.685,0.917,2016
10.264,66.0,0.7,0.895,2017
10.311,66.1,0.608,0.913,2018
10.343,66.2,0.698,0.936,2019
10.328,66.3,0.82,0.928,2020
10.376,66.4,0.815,0.954,2021
10.407,66.5,0.817,0.928,2022
9.572,65.16,0.67,0.853,2006
9.712,65.28,0.524,0.717,2008
9.797,65.34,0.665,0.736,2009
9.865,65.4,0.678,0.721,2010
9.864,65.46,0.657,0.733,2011
9.863,65.52,0.621,0.713,2012
9.808,65.58,0.655,0.708,2013
9.733,65.64,0.657,0.759,2014
9.718,65.7,0.597,0.742,2015
9.755,65.775,0.657,0.828,2016
9.787,65.85,0.605,0.777,2017
9.797,65.925,0.607,0.829,2018
9.751,66.0,0.447,0.866,2019
9.531,66.075,0.552,0.547,2020
9.471,66.15,0.423,0.507,2021
9.428,66.225,0.45,0.535,2022
7.785,41.52,0.618,0.824,2011
7.897,42.25,0.729,0.798,2016
7.852,42.9,0.757,0.769,2017
7.837,44.2,0.716,0.79,2019
7.179,51.86,0.79,0.594,2007
7.207,51.94,0.724,0.619,2008
7.257,52.1,0.819,0.827,2010
7.386,52.42,0.59,0.708,2014
7.366,52.5,0.671,0.638,2015
7.33,53.1,0.763,0.643,2016
7.335,53.7,0.733,0.685,2017
7.328,54.3,0.766,0.727,2018
7.283,54.9,0.706,0.712,2019
7.277,56.7,0.732,0.597,2022
10.38,65.14,0.712,0.855,2012
9.858,64.3,0.775,0.868,2015
9.828,64.525,0.822,0.876,2016
10.095,64.75,0.779,0.823,2017
10.156,64.975,0.781,0.824,2018
10.023,65.2,0.762,0.827,2019
10.042,63.5,0.567,0.93,2006
10.16,63.7,0.59,0.941,2007
10.196,63.9,0.621,0.914,2008
10.046,64.1,0.496,0.933,2009
10.083,64.3,0.519,0.882,2010
10.165,64.5,0.566,0.911,2011
10.216,64.7,0.503,0.919,2012
10.261,64.9,0.556,0.913,2013
10.304,65.1,0.508,0.908,2014
10.334,65.3,0.641,0.929,2015
10.371,65.65,0.614,0.938,2016
10.427,66.0,0.749,0.926,2017
10.476,66.35,0.699,0.929,2018
10.524,66.7,0.78,0.918,2019
10.523,67.05,0.824,0.953,2020
10.579,67.4,0.707,0.928,2021
10.602,67.75,0.71,0.937,2022
11.628,70.3,0.939,0.939,2009
11.647,70.5,0.908,0.952,2010
11.635,70.7,0.962,0.934,2011
11.627,70.9,0.917,0.914,2012
11.636,71.1,0.79,0.917,2013
11.638,71.3,0.938,0.875,2014
11.637,71.5,0.932,0.934,2015
11.664,71.525,0.882,0.941,2016
11.653,71.55,0.903,0.905,2017
11.645,71.575,0.884,0.902,2018
11.649,71.6,0.93,0.912,2019
11.66,71.675,0.915,0.878,2022
7.351,54.14,0.637,0.711,2006
7.413,54.62,0.332,0.776,2008
7.309,55.34,0.546,0.818,2011
7.311,55.58,0.487,0.673,2012
7.307,55.82,0.48,0.673,2013
7.314,56.06,0.529,0.655,2014
7.319,56.3,0.545,0.647,2015
7.332,56.55,0.57,0.746,2016
7.345,56.8,0.57,0.626,2017
7.351,57.05,0.551,0.666,2018
7.369,57.3,0.55,0.701,2019
7.29,58.05,0.523,0.642,2022
7.017,45.36,0.767,0.554,2006
7.08,46.42,0.91,0.6,2007
7.176,48.54,0.879,0.718,2009
7.232,50.66,0.733,0.613,2011
7.223,51.72,0.637,0.604,2012
7.245,52.78,0.752,0.563,2013
7.273,53.84,0.786,0.512,2014
7.273,54.9,0.801,0.494,2015
7.27,55.45,0.81,0.524,2016
7.283,56.0,0.848,0.555,2017
7.299,56.55,0.799,0.528,2018
7.325,57.1,0.765,0.549,2019
7.307,58.2,0.757,0.558,2021
7.296,58.75,0.744,0.503,2022
9.827,65.08,0.837,0.866,2006
9.867,65.16,0.844,0.871,2007
9.893,65.24,0.78,0.803,2008
9.858,65.32,0.874,0.792,2009
9.912,65.4,0.769,0.839,2010
9.948,65.48,0.84,0.77,2011
9.985,65.56,0.848,0.841,2012
10.015,65.64,0.791,0.831,2013
10.057,65.72,0.808,0.863,2014
10.092,65.8,0.675,0.818,2015
10.197,65.725,0.875,0.789,2018
10.228,65.7,0.916,0.842,2019
10.159,65.675,0.878,0.797,2020
10.179,65.65,0.878,0.794,2021
9.893,69.775,0.855,0.913,2018
7.561,49.94,0.555,0.761,2006
7.576,50.62,0.495,0.747,2008
7.591,50.96,0.634,0.733,2009
7.61,51.3,0.749,0.751,2010
7.609,51.64,0.823,0.796,2011
7.572,51.98,0.704,0.823,2012
7.565,52.32,0.665,0.82,2013
7.602,52.66,0.652,0.843,2014
7.631,53.0,0.634,0.83,2015
7.655,53.4,0.696,0.836,2016
7.675,53.8,0.753,0.741,2017
7.69,54.2,0.737,0.692,2018
7.705,54.6,0.67,0.755,2019
7.661,55.0,0.645,0.568,2020
7.659,55.4,0.673,0.573,2021
7.645,55.8,0.818,0.642,2022
10.353,70.22,0.803,0.916,2009
10.402,70.4,0.802,0.908,2010
10.402,70.58,0.882,0.923,2011
10.434,70.76,0.861,0.922,2012
10.473,70.94,0.909,0.942,2013
10.526,71.12,0.904,0.941,2014
10.594,71.3,0.912,0.919,2015
10.605,71.35,0.916,0.93,2016
10.681,71.4,0.924,0.937,2017
10.706,71.45,0.927,0.932,2018
10.724,71.5,0.924,0.922,2019
10.615,71.55,0.931,0.938,2020
10.707,71.6,0.889,0.897,2021
9.896,71.65,0.838,0.932,2022
8.528,56.5,0.573,0.682,2007
8.5,56.8,0.593,0.67,2008
8.474,57.1,0.735,0.819,2009
8.471,57.4,0.669,0.857,2010
8.482,57.7,0.567,0.75,2011
8.494,58.0,0.487,0.763,2012
8.506,58.3,0.603,0.741,2013
8.521,58.6,0.468,0.853,2014
8.547,58.9,0.447,0.875,2015
8.533,59.125,0.467,0.785,2016
8.568,59.35,0.527,0.779,2017
8.588,59.575,0.467,0.802,2018
8.614,59.8,0.628,0.798,2019
8.591,60.475,0.624,0.648,2022
9.797,63.52,0.848,0.8,2011
9.896,63.88,0.824,0.785,2014
9.968,63.975,0.819,0.836,2016
10.006,63.95,0.912,0.91,2017
10.044,63.925,0.867,0.909,2018
10.072,63.9,0.893,0.913,2019
9.915,63.875,0.843,0.893,2020
9.951,63.85,0.802,0.887,2021
10.007,63.825,0.798,0.887,2022
9.831,64.68,0.67,0.879,2007
9.83,64.82,0.677,0.876,2008
9.764,64.96,0.682,0.868,2009
9.8,65.1,0.778,0.876,2010
9.822,65.24,0.831,0.824,2011
9.844,65.38,0.788,0.767,2012
9.844,65.52,0.739,0.759,2013
9.86,65.66,0.779,0.782,2014
9.88,65.8,0.719,0.761,2015
9.895,65.8,0.752,0.893,2016
9.905,65.8,0.861,0.8,2017
9.917,65.8,0.816,0.858,2018
9.907,65.8,0.903,0.852,2019
9.816,65.8,0.873,0.779,2020
9.857,65.8,0.837,0.779,2021
9.876,65.8,0.861,0.858,2022
8.936,59.48,0.554,0.812,2006
8.967,59.86,0.696,0.804,2007
9.044,60.24,0.641,0.872,2008
8.984,60.62,0.551,0.856,2009
9.053,61.0,0.598,0.847,2010
9.111,61.38,0.628,0.869,2011
9.105,61.76,0.602,0.826,2012
9.192,62.14,0.658,0.803,2013
9.241,62.52,0.623,0.805,2014
9.245,62.9,0.595,0.84,2015
9.3,63.3,0.557,0.837,2016
9.363,63.7,0.553,0.831,2017
9.423,64.1,0.824,0.892,2018
9.475,64.5,0.784,0.809,2019
9.409,64.9,0.859,0.874,2020
9.547,65.3,0.833,0.88,2021
9.54,65.7,0.829,0.817,2022
8.827,56.54,0.781,0.881,2007
8.902,56.96,0.484,0.92,2008
8.925,57.8,0.631,0.904,2010
9.069,58.22,0.7,0.948,2011
9.168,58.64,0.688,0.919,2012
9.26,59.06,0.748,0.935,2013
9.315,59.48,0.752,0.943,2014
9.318,59.9,0.686,0.906,2015
9.311,60.0,0.76,0.947,2016
9.344,60.1,0.675,0.924,2017
9.397,60.2,0.696,0.942,2018
9.43,60.3,0.711,0.946,2019
9.365,60.4,0.718,0.918,2020
9.365,60.5,0.667,0.927,2021
9.388,60.6,0.717,0.951,2022
9.696,65.96,0.512,0.832,2007
9.702,66.12,0.556,0.816,2009
9.727,66.2,0.552,0.805,2010
9.758,66.28,0.546,0.818,2011
9.729,66.36,0.462,0.704,2012
9.763,66.44,0.502,0.736,2013
9.78,66.52,0.503,0.863,2014
9.813,66.6,0.583,0.74,2015
9.842,66.7,0.569,0.866,2016
9.888,66.8,0.626,0.881,2017
9.937,66.9,0.626,0.856,2018
9.978,67.0,0.694,0.832,2019
9.813,67.1,0.802,0.887,2020
8.673,62.5,0.663,0.678,2010
8.71,62.66,0.579,0.833,2011
8.726,62.82,0.757,0.676,2012
8.757,62.98,0.572,0.597,2013
8.947,63.3,0.713,0.606,2015
8.94,63.4,0.817,0.655,2016
8.977,63.5,0.814,0.641,2017
8.996,63.6,0.773,0.554,2018
9.014,63.7,0.757,0.535,2019
8.929,63.8,0.819,0.553,2020
8.994,63.9,0.762,0.505,2021
8.996,64.0,0.795,0.564,2022
6.792,44.82,0.684,0.879,2006
6.84,45.24,0.643,0.748,2007
6.885,45.66,0.514,0.756,2008
6.996,46.92,0.639,0.818,2011
7.148,48.6,0.813,0.666,2015
7.16,49.5,0.823,0.678,2017
7.165,49.95,0.897,0.738,2018
7.159,50.4,0.87,0.742,2019
7.112,51.3,0.838,0.664,2021
7.12,51.75,0.884,0.711,2022
8.067,58.16,0.691,0.612,2012
8.134,58.64,0.775,0.757,2013
8.205,59.12,0.87,0.774,2014
8.229,59.6,0.808,0.752,2015
8.321,59.925,0.877,0.793,2016
8.369,60.25,0.886,0.795,2017
8.424,60.575,0.906,0.774,2018
8.483,60.9,0.899,0.763,2019
8.507,61.225,0.825,0.796,2020
8.302,61.55,0.631,0.78,2021
9.073,51.88,0.781,0.828,2007
9.264,54.26,0.849,0.763,2014
9.243,55.35,0.81,0.828,2017
9.237,55.725,0.754,0.864,2018
9.211,56.1,0.739,0.845,2019
9.11,56.475,0.666,0.741,2020
9.12,56.85,0.659,0.808,2021
9.132,57.225,0.683,0.808,2022
7.734,59.66,0.689,0.874,2006
7.761,59.72,0.413,0.787,2007
7.814,59.78,0.618,0.818,2008
7.853,59.84,0.616,0.813,2009
7.895,59.9,0.519,0.779,2010
7.924,59.96,0.525,0.741,2011
7.968,60.02,0.638,0.734,2012
8.0,60.08,0.722,0.74,2013
8.056,60.14,0.712,0.786,2014
8.089,60.2,0.763,0.748,2015
8.085,60.475,0.839,0.837,2016
8.159,60.75,0.845,0.816,2017
8.221,61.025,0.77,0.768,2018
8.274,61.3,0.79,0.772,2019
8.233,61.575,0.772,0.787,2020
8.251,61.85,0.818,0.699,2021
8.285,62.125,0.844,0.753,2022
10.876,70.78,0.896,0.944,2007
10.894,70.82,0.883,0.944,2008
10.86,70.9,0.921,0.957,2010
10.87,70.94,0.925,0.938,2011
10.856,70.98,0.877,0.939,2012
10.852,71.02,0.919,0.925,2013
10.863,71.06,0.91,0.909,2014
10.878,71.1,0.904,0.879,2015
10.894,71.175,0.907,0.926,2016
10.917,71.25,0.92,0.937,2017
10.934,71.325,0.92,0.939,2018
10.947,71.4,0.886,0.941,2019
10.902,71.475,0.935,0.944,2020
10.944,71.55,0.856,0.919,2021
10.981,71.625,0.868,0.929,2022
10.541,69.72,0.932,0.946,2006
10.561,69.74,0.878,0.967,2007
10.542,69.76,0.893,0.944,2008
10.534,69.8,0.918,0.976,2010
10.549,69.82,0.935,0.954,2011
10.566,69.84,0.902,0.93,2012
10.585,69.86,0.944,0.958,2013
10.605,69.88,0.932,0.942,2014
10.622,69.9,0.942,0.987,2015
10.636,69.975,0.927,0.937,2016
10.651,70.05,0.942,0.955,2017
10.666,70.125,0.949,0.954,2018
10.672,70.2,0.912,0.939,2019
10.637,70.275,0.918,0.952,2020
10.667,70.35,0.91,0.95,2021
10.682,70.425,0.831,0.956,2022
8.395,64.3,0.745,0.877,2006
8.431,64.4,0.836,0.866,2007
8.45,64.5,0.791,0.857,2008
8.402,64.6,0.746,0.835,2009
8.431,64.7,0.792,0.863,2010
8.477,64.8,0.779,0.8,2011
8.526,64.9,0.85,0.894,2012
8.559,65.0,0.859,0.868,2013
8.591,65.1,0.817,0.839,2014
8.624,65.2,0.809,0.827,2015
8.654,65.275,0.717,0.853,2016
8.685,65.35,0.922,0.838,2017
8.637,65.425,0.797,0.854,2018
8.585,65.5,0.883,0.874,2019
8.553,65.575,0.818,0.856,2020
8.637,65.65,0.905,0.848,2021
8.664,65.725,0.914,0.844,2022
6.872,50.14,0.75,0.677,2006
6.867,50.58,0.584,0.726,2007
6.905,51.02,0.649,0.607,2008
6.887,51.46,0.88,0.771,2009
6.932,51.9,0.817,0.655,2010
6.918,52.34,0.78,0.818,2011
6.98,52.78,0.734,0.7,2012
6.994,53.22,0.825,0.696,2013
7.02,53.66,0.688,0.753,2014
7.025,54.1,0.728,0.713,2015
7.042,54.45,0.702,0.683,2016
7.053,54.8,0.684,0.582,2017
7.084,55.15,0.791,0.612,2018
7.105,55.5,0.831,0.677,2019
7.091,56.55,0.793,0.587,2022
8.314,50.22,0.649,0.735,2006
8.35,50.54,0.635,0.718,2007
8.389,50.86,0.584,0.78,2008
8.439,51.18,0.537,0.722,2009
8.488,51.5,0.565,0.824,2010
8.526,52.14,0.652,0.818,2012
8.564,52.46,0.622,0.663,2013
8.6,53.1,0.68,0.812,2015
8.558,53.425,0.798,0.805,2016
8.541,53.75,0.826,0.733,2017
8.535,54.075,0.79,0.741,2018
8.532,54.4,0.746,0.735,2019
8.49,54.725,0.713,0.739,2020
8.502,55.05,0.726,0.742,2021
9.435,64.66,0.439,0.811,2007
9.481,64.82,0.552,0.734,2009
9.512,64.9,0.513,0.687,2010
9.533,64.98,0.607,0.784,2011
9.527,65.06,0.613,0.798,2012
9.555,65.14,0.641,0.832,2013
9.589,65.22,0.645,0.793,2014
9.625,65.3,0.66,0.766,2015
9.652,65.5,0.706,0.871,2016
9.662,65.7,0.752,0.8,2017
9.69,65.9,0.745,0.849,2018
9.728,66.1,0.725,0.815,2019
9.667,66.3,0.787,0.75,2020
9.709,66.5,0.793,0.809,2021
9.733,66.7,0.723,0.85,2022
11.048,69.4,0.96,0.959,2006
11.06,69.8,0.947,0.936,2008
11.035,70.6,0.947,0.948,2012
11.041,71.0,0.956,0.941,2014
11.051,71.2,0.948,0.947,2015
11.053,71.25,0.954,0.96,2016
11.067,71.3,0.953,0.95,2017
11.072,71.35,0.96,0.966,2018
11.073,71.4,0.954,0.942,2019
11.06,71.45,0.965,0.956,2020
11.092,71.5,0.936,0.948,2021
11.111,71.55,0.939,0.927,2022
10.539,62.34,0.916,0.922,2011
8.314,53.72,0.396,0.479,2007
8.309,53.98,0.335,0.373,2008
8.315,54.24,0.388,0.522,2009
8.308,54.5,0.364,0.571,2010
8.314,54.76,0.376,0.51,2011
8.331,55.02,0.367,0.542,2012
8.359,55.28,0.448,0.607,2013
8.39,55.54,0.543,0.552,2014
8.423,55.8,0.587,0.562,2015
8.465,56.075,0.634,0.627,2016
8.495,56.35,0.713,0.69,2017
8.54,56.625,0.773,0.685,2018
8.548,56.9,0.685,0.617,2019
8.518,57.175,0.767,0.594,2020
8.563,57.45,0.764,0.608,2021
9.771,66.86,0.882,0.951,2006
9.865,67.02,0.64,0.937,2007
9.941,67.18,0.707,0.922,2008
9.935,67.34,0.721,0.905,2009
9.974,67.5,0.755,0.928,2010
10.063,67.66,0.829,0.876,2011
10.139,67.82,0.783,0.897,2012
10.188,67.98,0.811,0.896,2013
10.22,68.14,0.894,0.873,2014
10.258,68.3,0.847,0.883,2015
10.289,68.4,0.884,0.882,2016
10.326,68.5,0.9,0.912,2017
10.346,68.6,0.861,0.904,2018
10.359,68.7,0.883,0.886,2019
10.276,68.9,0.811,0.899,2021
10.333,69.0,0.899,0.891,2022
9.154,64.88,0.691,0.895,2006
9.197,64.96,0.699,0.863,2007
9.25,65.04,0.649,0.889,2008
9.237,65.12,0.718,0.9,2009
9.331,65.2,0.726,0.889,2010
9.36,65.28,0.666,0.869,2011
9.339,65.36,0.748,0.931,2012
9.405,65.44,0.909,0.939,2013
9.443,65.52,0.759,0.959,2014
9.458,65.6,0.806,0.914,2015
9.485,65.65,0.854,0.94,2016
9.518,65.7,0.891,0.902,2017
9.519,65.8,0.876,0.892,2019
9.497,65.85,0.865,0.907,2020
9.524,65.9,0.888,0.908,2021
9.508,65.95,0.922,0.899,2022
8.979,66.46,0.668,0.875,2006
9.054,66.72,0.638,0.756,2007
9.134,66.98,0.638,0.777,2008
9.138,67.24,0.638,0.799,2009
9.21,67.5,0.757,0.812,2010
9.263,67.76,0.773,0.756,2011
9.313,68.02,0.703,0.764,2012
9.361,68.28,0.703,0.797,2013
9.374,68.54,0.722,0.819,2014
9.394,68.8,0.802,0.798,2015
9.419,68.975,0.83,0.803,2016
9.429,69.15,0.827,0.83,2017
9.449,69.325,0.83,0.845,2018
9.452,69.5,0.815,0.809,2019
9.322,69.675,0.806,0.749,2020
9.435,69.85,0.812,0.819,2021
9.449,70.025,0.764,0.823,2022
8.562,61.36,0.828,0.795,2006
8.606,61.42,0.852,0.801,2007
8.63,61.48,0.861,0.798,2008
8.626,61.54,0.874,0.775,2009
8.679,61.6,0.893,0.805,2010
8.699,61.66,0.883,0.789,2011
8.748,61.72,0.914,0.813,2012
8.796,61.78,0.907,0.846,2013
8.842,61.84,0.902,0.813,2014
8.887,61.9,0.912,0.854,2015
8.938,61.925,0.908,0.821,2016
8.987,61.95,0.926,0.851,2017
9.032,61.975,0.918,0.846,2018
9.075,62.0,0.91,0.845,2019
8.958,62.025,0.932,0.781,2020
8.999,62.05,0.905,0.778,2021
9.973,66.56,0.772,0.913,2007
10.041,66.92,0.821,0.917,2009
10.073,67.1,0.795,0.955,2010
10.122,67.28,0.868,0.905,2011
10.137,67.46,0.811,0.936,2012
10.146,67.64,0.776,0.912,2013
10.184,67.82,0.875,0.924,2014
10.228,68.0,0.793,0.893,2015
10.258,68.175,0.871,0.917,2016
10.308,68.35,0.831,0.882,2017
10.365,68.525,0.87,0.863,2018
10.409,68.7,0.883,0.878,2019
10.39,68.875,0.767,0.953,2020
10.461,69.05,0.732,0.936,2021
10.509,69.225,0.8,0.886,2022
10.359,68.34,0.882,0.905,2006
10.383,68.82,0.646,0.886,2008
10.367,69.3,0.721,0.864,2010
10.352,69.54,0.875,0.856,2011
10.314,69.78,0.774,0.866,2012
10.31,70.02,0.788,0.867,2013
10.324,70.26,0.847,0.862,2014
10.346,70.5,0.8,0.866,2015
10.369,70.625,0.838,0.905,2016
10.406,70.75,0.905,0.9,2017
10.435,70.875,0.877,0.887,2018
10.462,71.0,0.882,0.876,2019
10.374,71.125,0.913,0.875,2020
10.424,71.25,0.892,0.895,2021
10.487,71.375,0.903,0.862,2022
11.434,64.36,0.865,0.894,2009
11.551,64.7,0.593,0.885,2010
11.625,65.04,0.905,0.857,2011
11.617,65.38,0.924,0.838,2012
11.532,66.4,0.613,0.909,2015
9.901,64.86,0.686,0.736,2007
9.958,65.22,0.606,0.812,2009
9.924,65.4,0.566,0.689,2010
9.973,65.58,0.65,0.753,2011
9.997,65.76,0.645,0.74,2012
10.003,65.94,0.655,0.778,2013
10.047,66.12,0.754,0.753,2014
10.083,66.3,0.796,0.787,2015
10.117,66.425,0.822,0.809,2016
10.202,66.55,0.839,0.811,2017
10.266,66.675,0.845,0.818,2018
10.309,66.8,0.848,0.842,2019
10.277,66.925,0.863,0.869,2020
10.335,67.05,0.871,0.835,2021
10.404,67.175,0.836,0.83,2022
9.988,58.74,0.643,0.895,2006
10.071,59.18,0.593,0.885,2007
10.122,59.62,0.643,0.882,2008
10.041,60.06,0.617,0.908,2009
10.084,60.5,0.613,0.909,2010
10.126,60.94,0.626,0.883,2011
10.163,61.38,0.609,0.901,2012
10.179,61.82,0.661,0.881,2013
10.168,62.26,0.744,0.932,2014
10.146,62.7,0.685,0.924,2015
10.146,63.075,0.714,0.911,2016
10.163,63.45,0.731,0.896,2017
10.191,63.825,0.729,0.909,2018
10.213,64.2,0.715,0.91,2019
10.188,64.575,0.714,0.887,2020
10.239,64.95,0.671,0.862,2021
10.203,65.325,0.776,0.92,2022
7.087,53.5,0.915,0.718,2006
7.213,54.7,0.752,0.486,2008
7.247,55.3,0.766,0.559,2009
7.342,56.5,0.829,0.57,2011
7.401,57.1,0.835,0.637,2012
7.423,57.7,0.904,0.75,2013
7.459,58.3,0.894,0.748,2014
7.52,58.9,0.908,0.678,2015
7.554,59.225,0.911,0.665,2016
7.568,59.55,0.908,0.517,2017
7.626,59.875,0.924,0.616,2018
7.692,60.2,0.869,0.489,2019
10.642,61.6,0.622,0.892,2007
10.664,61.8,0.532,0.823,2008
10.606,62.0,0.639,0.921,2009
10.623,62.2,0.678,0.88,2010
10.693,62.4,0.603,0.83,2011
10.724,62.6,0.56,0.867,2012
10.729,62.8,0.661,0.827,2013
10.745,63.0,0.762,0.818,2014
10.766,63.2,0.82,0.82,2015
10.762,63.4,0.774,0.89,2016
10.732,63.6,0.814,0.84,2017
10.733,63.8,0.855,0.868,2018
10.713,64.0,0.891,0.912,2019
10.666,64.2,0.884,0.89,2020
10.7,64.4,0.902,0.859,2021
10.781,64.6,0.461,0.9,2022
7.93,55.5,0.736,0.76,2006
7.931,55.8,0.698,0.718,2007
7.941,56.1,0.612,0.756,2008
7.942,56.4,0.557,0.81,2009
7.948,56.7,0.777,0.76,2010
7.934,57.0,0.641,0.602,2011
7.946,57.3,0.668,0.711,2012
7.943,57.6,0.636,0.823,2013
7.976,57.9,0.692,0.856,2014
8.01,58.2,0.72,0.702,2015
8.045,58.5,0.744,0.839,2016
8.089,58.8,0.687,0.744,2017
8.122,59.1,0.629,0.739,2018
8.14,59.4,0.759,0.688,2019
8.127,59.7,0.797,0.621,2020
8.159,60.0,0.759,0.645,2021
8.18,60.3,0.758,0.609,2022
9.536,65.28,0.453,0.844,2007
9.572,65.56,0.373,0.77,2009
9.583,65.7,0.463,0.726,2010
9.611,65.84,0.44,0.773,2011
9.609,65.98,0.461,0.819,2012
9.642,66.12,0.533,0.828,2013
9.631,66.26,0.532,0.783,2014
9.654,66.4,0.546,0.816,2015
9.692,66.525,0.614,0.895,2016
9.718,66.65,0.685,0.884,2017
9.767,66.775,0.74,0.853,2018
9.815,66.9,0.753,0.903,2019
9.813,67.025,0.843,0.852,2020
9.895,67.15,0.85,0.89,2021
7.134,46.28,0.679,0.561,2006
7.19,46.66,0.72,0.686,2007
7.217,47.04,0.716,0.591,2008
7.245,47.8,0.726,0.812,2010
7.28,48.18,0.77,0.782,2011
7.557,48.94,0.72,0.708,2013
7.577,49.32,0.681,0.869,2014
7.322,49.7,0.624,0.611,2015
7.357,50.5,0.681,0.657,2016
7.374,51.3,0.711,0.652,2017
7.384,52.1,0.716,0.65,2018
7.412,52.9,0.718,0.611,2019
7.387,54.5,0.659,0.609,2021
7.401,55.3,0.66,0.502,2022
11.167,71.58,0.757,0.904,2006
11.212,71.76,0.867,0.921,2007
11.177,71.94,0.661,0.845,2008
11.148,72.12,0.776,0.866,2009
11.266,72.3,0.846,0.864,2010
11.305,72.48,0.822,0.904,2011
11.355,72.84,0.827,0.808,2013
11.381,73.02,0.835,0.822,2014
11.398,73.2,0.887,0.866,2015
11.42,73.3,0.904,0.925,2016
11.465,73.4,0.926,0.897,2017
11.496,73.5,0.916,0.903,2018
11.496,73.6,0.938,0.925,2019
11.571,73.8,0.879,0.876,2021
9.986,65.62,0.542,0.954,2006
10.149,66.5,0.636,0.92,2010
10.174,66.72,0.727,0.917,2011
10.185,66.94,0.62,0.926,2012
10.191,67.16,0.598,0.909,2013
10.216,67.38,0.635,0.924,2014
10.266,67.6,0.587,0.943,2015
10.284,67.825,0.7,0.945,2016
10.311,68.05,0.714,0.913,2017
10.349,68.275,0.758,0.922,2018
10.373,68.5,0.771,0.933,2019
10.337,68.725,0.762,0.954,2020
10.369,68.95,0.742,0.951,2021
10.399,68.56,0.936,0.936,2006
10.406,69.04,0.896,0.919,2009
10.415,69.2,0.896,0.917,2010
10.421,69.36,0.907,0.931,2011
10.392,69.52,0.904,0.925,2012
10.381,69.68,0.89,0.932,2013
10.407,69.84,0.888,0.908,2014
10.428,70.0,0.896,0.901,2015
10.459,70.175,0.904,0.934,2016
10.505,70.35,0.921,0.928,2017
10.545,70.525,0.942,0.941,2018
10.572,70.7,0.945,0.949,2019
10.521,70.875,0.958,0.953,2020
10.598,71.05,0.851,0.955,2021
10.644,71.225,0.93,0.942,2022
6.83,47.66,0.874,0.611,2014
6.937,48.1,0.968,0.599,2015
6.981,48.5,0.917,0.594,2016
10.382,70.46,0.746,0.88,2009
10.385,70.68,0.82,0.829,2010
10.446,70.9,0.858,0.788,2011
10.474,71.12,0.758,0.786,2012
9.455,46.0,0.649,0.913,2006
9.497,46.9,0.69,0.788,2007
9.518,47.8,0.749,0.81,2008
9.49,48.7,0.739,0.877,2009
9.508,49.6,0.739,0.917,2010
9.527,50.5,0.835,0.858,2011
9.537,51.4,0.59,0.907,2012
9.548,52.3,0.714,0.839,2013
9.546,53.2,0.794,0.881,2014
9.539,54.1,0.862,0.898,2015
9.536,54.625,0.774,0.875,2016
9.543,55.15,0.787,0.87,2017
9.546,55.675,0.753,0.841,2018
9.536,56.2,0.738,0.848,2019
9.458,56.725,0.757,0.891,2020
9.496,57.25,0.704,0.922,2021
10.309,70.02,0.715,0.775,2006
10.36,70.24,0.656,0.827,2007
10.382,70.46,0.524,0.754,2008
10.385,70.68,0.6,0.811,2009
10.446,70.9,0.677,0.816,2010
10.474,71.12,0.682,0.809,2011
10.493,71.34,0.618,0.775,2012
10.519,71.56,0.642,0.797,2013
10.544,71.78,0.623,0.738,2014
10.567,72.0,0.616,0.768,2015
10.592,72.275,0.591,0.811,2016
10.62,72.55,0.538,0.807,2017
10.645,72.825,0.6,0.798,2018
10.663,73.1,0.706,0.783,2019
10.655,73.375,0.711,0.808,2020
10.697,73.65,0.717,0.811,2021
10.726,73.925,0.723,0.81,2022
9.055,52.88,0.567,0.545,2014
9.083,53.0,0.512,0.585,2015
9.153,53.175,0.44,0.532,2016
9.229,53.35,0.456,0.557,2017
10.584,70.64,0.782,0.957,2007
10.577,70.76,0.834,0.948,2008
10.53,70.88,0.749,0.929,2009
10.527,71.0,0.796,0.95,2010
10.515,71.12,0.819,0.944,2011
10.484,71.24,0.755,0.937,2012
10.473,71.36,0.759,0.929,2013
10.49,71.48,0.738,0.948,2014
10.529,71.6,0.732,0.956,2015
10.558,71.725,0.768,0.942,2016
10.585,71.85,0.756,0.903,2017
10.603,71.975,0.722,0.91,2018
10.615,72.1,0.778,0.949,2019
10.49,72.225,0.783,0.935,2020
10.543,72.35,0.782,0.926,2021
10.587,72.475,0.781,0.934,2022
8.946,62.28,0.724,0.864,2006
9.004,62.76,0.736,0.838,2007
9.055,63.24,0.834,0.816,2008
9.083,63.72,0.799,0.83,2009
9.153,64.2,0.738,0.814,2010
9.229,64.68,0.823,0.842,2011
9.311,65.16,0.8,0.824,2012
9.343,65.64,0.834,0.809,2013
9.395,66.12,0.868,0.805,2014
9.427,66.6,0.902,0.863,2015
9.517,66.8,0.827,0.823,2017
9.529,66.9,0.859,0.833,2018
9.521,67.0,0.824,0.815,2019
9.48,67.1,0.803,0.842,2020
9.502,67.2,0.771,0.812,2021
8.201,61.78,0.547,0.818,2006
8.181,61.897,0.365,0.712,2007
8.275,62.015,0.358,0.666,2008
8.337,62.132,0.468,0.738,2009
8.363,62.25,0.504,0.822,2010
8.452,71.36,0.522,0.751,2011
8.598,71.4,0.542,0.782,2012
8.595,71.525,0.454,0.761,2013
8.618,71.65,0.657,0.775,2014
8.683,71.775,0.556,0.766,2015
8.738,71.9,0.608,0.818,2016
8.734,72.025,0.632,0.824,2017
8.718,72.15,0.655,0.819,2018
8.716,72.275,0.653,0.833,2019
11.069,71.16,0.695,0.86,2022
8.457,57.46,0.71,0.911,2009
8.465,57.7,0.648,0.855,2010
8.527,57.94,0.583,0.818,2011
8.458,58.18,0.412,0.813,2012
8.471,58.66,0.39,0.811,2014
9.874,62.84,0.885,0.797,2012
10.791,71.08,0.91,0.917,2007
10.778,71.12,0.912,0.923,2008
10.725,71.16,0.864,0.903,2009
10.775,71.2,0.905,0.97,2010
10.799,71.24,0.941,0.921,2011
10.785,71.28,0.944,0.929,2012
10.789,71.32,0.936,0.916,2013
10.805,71.36,0.945,0.933,2014
10.838,71.4,0.935,0.929,2015
10.846,71.525,0.918,0.912,2016
10.858,71.65,0.935,0.914,2017
10.866,71.775,0.942,0.931,2018
10.875,71.9,0.942,0.934,2019
10.846,72.025,0.951,0.936,2020
10.89,72.15,0.953,0.932,2021
10.913,72.275,0.939,0.949,2022
11.069,71.16,0.919,0.951,2006
11.078,71.34,0.891,0.938,2009
11.107,71.52,0.945,0.947,2012
11.125,71.64,0.949,0.959,2014
11.13,71.7,0.928,0.938,2015
11.139,71.9,0.934,0.928,2016
11.143,72.1,0.925,0.95,2017
11.164,72.3,0.926,0.93,2018
11.168,72.5,0.913,0.949,2019
11.137,72.7,0.917,0.946,2020
11.171,72.9,0.908,0.934,2021
11.184,73.1,0.848,0.881,2022
8.658,68.62,0.661,0.712,2008
8.656,66.86,0.748,0.842,2009
8.733,65.1,0.647,0.934,2010
8.735,63.34,0.53,0.576,2011
8.578,61.58,0.467,0.588,2012
8.419,59.82,0.455,0.585,2013
8.492,56.3,0.448,0.464,2015
10.602,68.68,0.63,0.882,2006
10.6,69.14,0.642,0.83,2008
10.681,69.6,0.677,0.831,2010
10.693,61.85,0.761,0.863,2011
10.718,62.0,0.698,0.825,2012
10.724,62.15,0.69,0.817,2013
10.749,62.3,0.693,0.87,2014
10.779,50.76,0.701,0.885,2015
10.768,51.42,0.719,0.895,2016
10.774,52.08,0.76,0.891,2017
10.781,52.74,0.741,0.896,2018
10.797,53.4,0.814,0.893,2019
7.633,54.06,0.799,0.901,2020
7.648,54.72,0.818,0.866,2021
7.683,55.38,0.8,0.883,2022
7.591,60.5,0.702,0.724,2006
7.648,60.6,0.818,0.727,2007
7.705,60.7,0.816,0.701,2008
7.724,60.8,0.744,0.676,2009
7.766,60.9,0.784,0.759,2010
7.817,61.0,0.776,0.751,2011
7.867,61.1,0.749,0.729,2012
7.916,61.2,0.693,0.701,2013
7.958,61.3,0.853,0.81,2014
7.993,61.4,0.847,0.844,2015
8.036,61.55,0.703,0.857,2016
8.082,61.7,0.832,0.663,2017
8.133,61.85,0.868,0.875,2018
8.182,62.0,0.86,0.88,2019
8.203,62.15,0.927,0.79,2020
8.27,62.3,0.847,0.883,2021
7.46,50.76,0.787,0.783,2006
7.497,51.42,0.716,0.708,2007
7.525,52.08,0.562,0.774,2008
7.552,52.74,0.607,0.837,2009
7.587,53.4,0.597,0.813,2010
7.633,54.06,0.736,0.883,2011
7.648,54.72,0.577,0.832,2012
7.683,55.38,0.654,0.803,2013
7.717,56.04,0.654,0.789,2014
7.744,56.7,0.759,0.79,2015
7.775,57.15,0.775,0.638,2016
7.807,57.6,0.8,0.705,2017
7.828,58.05,0.807,0.675,2018
7.855,58.5,0.85,0.687,2019
7.844,58.95,0.83,0.74,2020
7.856,59.4,0.822,0.619,2021
7.872,59.85,0.856,0.6,2022
9.452,66.38,0.863,0.894,2006
9.498,66.56,0.87,0.889,2007
9.507,66.74,0.868,0.832,2008
9.493,66.92,0.868,0.893,2009
9.559,67.1,0.86,0.898,2010
9.561,67.28,0.927,0.884,2011
9.624,67.46,0.847,0.906,2012
9.645,67.64,0.781,0.926,2013
9.649,67.82,0.9,0.933,2014
9.675,68.0,0.885,0.866,2015
9.705,68.075,0.924,0.908,2016
9.741,68.15,0.923,0.877,2017
9.78,68.225,0.905,0.873,2018
9.798,68.3,0.898,0.903,2019
9.732,68.375,0.84,0.867,2020
9.745,68.45,0.836,0.883,2021
9.777,68.525,0.881,0.867,2022
7.342,50.24,0.628,0.435,2006
7.312,51.12,0.287,0.291,2008
7.406,52.44,0.584,0.303,2011
7.509,53.76,0.663,0.444,2014
7.54,54.2,0.772,0.479,2015
7.569,54.7,0.73,0.509,2016
7.587,55.2,0.717,0.508,2017
7.611,55.7,0.612,0.596,2018
7.64,56.2,0.617,0.539,2019
7.661,57.2,0.619,0.603,2021
7.685,57.7,0.696,0.579,2022
10.172,61.78,0.84,0.887,2006
10.24,62.54,0.838,0.858,2008
10.206,63.68,0.775,0.863,2011
10.293,64.44,0.847,0.883,2013
10.174,65.7,0.859,0.916,2017
9.238,66.22,0.781,0.876,2009
9.257,66.3,0.624,0.863,2010
9.224,66.38,0.603,0.715,2011
9.252,66.46,0.568,0.614,2012
9.265,66.54,0.536,0.648,2013
9.284,66.62,0.589,0.68,2014
9.283,66.7,0.711,0.609,2015
9.283,66.75,0.614,0.702,2016
9.294,66.8,0.478,0.717,2017
9.31,66.85,0.65,0.733,2018
9.315,66.9,0.659,0.61,2019
9.215,66.95,0.668,0.719,2020
9.249,67.0,0.591,0.711,2021
9.266,67.05,0.474,0.755,2022
9.891,66.42,0.459,0.792,2007
9.887,66.58,0.415,0.645,2008
9.825,66.74,0.456,0.755,2009
9.893,66.9,0.515,0.795,2010
9.986,67.06,0.446,0.692,2011
10.018,67.22,0.471,0.739,2012
10.082,67.38,0.541,0.795,2013
10.111,67.54,0.649,0.863,2014
10.15,67.7,0.653,0.851,2015
10.166,67.875,0.644,0.88,2016
10.225,68.05,0.644,0.876,2017
10.246,68.225,0.529,0.847,2018
10.245,68.4,0.631,0.792,2019
10.257,68.575,0.51,0.857,2020
10.357,68.75,0.447,0.736,2021
8.955,59.78,0.711,0.924,2009
9.146,60.42,0.624,0.964,2011
9.233,60.74,0.786,0.946,2012
9.312,61.06,0.705,0.846,2013
9.392,61.38,0.805,0.909,2014
9.437,61.7,0.701,0.96,2015
9.479,61.8,0.749,0.929,2016
9.525,61.9,0.72,0.908,2017
9.569,62.0,0.858,0.984,2018
9.615,62.1,0.892,0.982,2019
7.37,48.74,0.747,0.76,2006
7.422,49.58,0.708,0.845,2007
7.476,50.42,0.578,0.813,2008
7.513,51.26,0.76,0.852,2009
7.538,52.1,0.801,0.83,2010
7.599,52.94,0.733,0.882,2011
7.608,53.78,0.649,0.885,2012
7.614,54.62,0.763,0.878,2013
7.634,55.46,0.834,0.821,2014
7.654,56.3,0.758,0.747,2015
7.667,56.775,0.739,0.754,2016
7.663,57.25,0.772,0.74,2017
7.69,57.725,0.729,0.74,2018
7.719,58.2,0.704,0.805,2019
7.714,58.675,0.687,0.8,2020
7.717,59.15,0.711,0.793,2021
9.414,60.92,0.624,0.852,2006
9.499,61.24,0.494,0.82,2007
9.527,61.56,0.487,0.86,2008
9.367,61.88,0.46,0.845,2009
9.411,62.2,0.484,0.884,2010
9.468,62.52,0.579,0.859,2011
9.472,62.84,0.564,0.898,2012
9.474,63.16,0.569,0.897,2013
9.424,63.48,0.533,0.877,2014
9.325,63.8,0.431,0.909,2015
9.353,63.925,0.503,0.885,2016
9.381,64.05,0.599,0.858,2017
9.42,64.175,0.663,0.901,2018
9.458,64.3,0.715,0.883,2019
9.426,64.425,0.784,0.885,2020
9.468,64.55,0.77,0.879,2021
9.049,64.675,0.829,0.863,2022
11.433,64.86,0.898,0.903,2006
10.952,65.04,0.849,0.885,2009
10.909,65.1,0.878,0.912,2010
10.965,65.16,0.889,0.881,2011
11.001,65.22,0.92,0.856,2012
11.041,65.28,0.936,0.864,2013
11.072,65.34,0.911,0.965,2014
11.128,65.4,0.915,0.824,2015
11.174,65.55,0.949,0.849,2016
11.173,65.7,0.962,0.836,2017
11.178,65.85,0.944,0.851,2018
11.181,66.0,0.911,0.862,2019
11.122,66.15,0.942,0.827,2020
11.152,66.3,0.951,0.826,2021
11.202,66.45,0.932,0.798,2022
10.699,69.22,0.838,0.97,2007
10.689,69.28,0.759,0.954,2008
10.636,69.34,0.816,0.964,2009
10.652,69.4,0.841,0.955,2010
10.655,69.46,0.9,0.949,2011
10.662,69.52,0.889,0.935,2012
10.673,69.58,0.905,0.937,2013
10.698,69.64,0.857,0.91,2014
10.713,69.7,0.833,0.936,2015
10.727,69.8,0.821,0.954,2016
10.744,69.9,0.813,0.937,2017
10.755,70.0,0.838,0.928,2018
10.766,70.1,0.854,0.943,2019
10.645,70.2,0.885,0.929,2020
10.714,70.3,0.815,0.854,2021
10.754,70.4,0.857,0.863,2022
10.921,66.78,0.911,0.965,2006
10.931,66.76,0.872,0.9,2007
10.923,66.74,0.878,0.953,2008
10.888,66.72,0.831,0.912,2009
10.906,66.7,0.828,0.926,2010
10.914,66.68,0.863,0.922,2011
10.93,66.66,0.823,0.903,2012
10.941,66.64,0.792,0.925,2013
10.956,66.62,0.866,0.902,2014
10.976,66.6,0.849,0.904,2015
10.985,66.475,0.758,0.897,2016
11.001,66.35,0.868,0.921,2017
11.024,66.225,0.825,0.904,2018
11.043,66.1,0.836,0.917,2019
11.005,65.975,0.85,0.937,2020
11.061,65.85,0.816,0.92,2021
11.079,65.725,0.736,0.9,2022
9.629,66.78,0.807,0.912,2006
9.691,66.86,0.786,0.875,2007
9.758,66.94,0.808,0.879,2008
9.797,67.02,0.825,0.924,2009
9.87,67.1,0.832,0.893,2010
9.917,67.18,0.851,0.891,2011
9.949,67.26,0.871,0.865,2012
9.991,67.34,0.888,0.917,2013
10.02,67.42,0.904,0.902,2014
10.021,67.5,0.917,0.891,2015
10.034,67.5,0.886,0.9,2016
10.048,67.5,0.898,0.914,2017
10.051,67.5,0.876,0.917,2018
10.054,67.5,0.903,0.933,2019
9.991,67.5,0.908,0.921,2020
10.035,67.5,0.899,0.914,2021
10.084,67.5,0.878,0.905,2022
8.256,61.34,0.784,0.903,2006
8.402,61.82,0.831,0.894,2008
8.463,62.06,0.626,0.905,2009
8.508,62.3,0.612,0.903,2010
8.554,62.54,0.934,0.924,2011
8.608,62.78,0.914,0.933,2012
8.662,63.02,0.95,0.963,2013
8.712,63.26,0.954,0.952,2014
8.764,63.5,0.98,0.968,2015
8.804,63.8,0.984,0.945,2016
8.831,64.1,0.985,0.942,2017
8.865,64.4,0.97,0.921,2018
8.902,64.7,0.97,0.915,2019
8.902,65.0,0.928,0.85,2020
8.953,65.3,0.927,0.896,2021
8.99,65.6,0.959,0.879,2022
9.467,65.46,0.798,0.946,2006
9.719,65.38,0.678,0.922,2008
9.567,65.34,0.677,0.945,2009
9.748,65.3,0.768,0.932,2010
9.859,65.26,0.766,0.931,2011
9.862,65.22,0.804,0.932,2012
9.802,65.18,0.642,0.896,2013
9.366,65.14,0.57,0.904,2014
8.532,65.1,0.512,0.911,2015
7.602,64.925,0.458,0.902,2016
5.943,64.75,0.636,0.896,2017
5.935,64.575,0.611,0.887,2018
5.527,64.4,0.626,0.888,2019
7.772,64.225,0.612,0.805,2020
7.552,64.05,0.596,0.812,2021
7.243,63.875,0.77,0.899,2022
8.554,64.18,0.886,0.888,2006
8.613,64.26,0.918,0.856,2007
8.658,64.34,0.889,0.805,2008
8.701,64.42,0.834,0.815,2009
8.752,64.5,0.831,0.787,2010
8.804,64.58,0.818,0.898,2011
8.847,64.66,0.856,0.775,2012
8.89,64.74,0.92,0.759,2013
8.941,64.82,0.77,0.792,2014
8.999,64.9,0.812,0.849,2015
9.053,65.0,0.894,0.876,2016
9.111,65.1,0.812,0.767,2017
9.173,65.2,0.909,0.832,2018
9.235,65.3,0.952,0.848,2019
9.254,65.4,0.945,0.765,2020
9.271,65.5,0.897,0.799,2021
9.333,65.6,0.975,0.879,2022
8.212,58.72,0.673,0.825,2007
8.25,58.64,0.644,0.756,2009
8.414,58.6,0.659,0.727,2010
8.264,58.56,0.638,0.663,2011
8.179,58.52,0.706,0.682,2012
8.166,58.48,0.543,0.694,2013
8.159,58.44,0.664,0.638,2014
7.772,58.4,0.61,0.669,2015
7.552,58.175,0.533,0.775,2016
7.243,57.95,0.595,0.79,2017
7.444,57.725,0.553,0.789,2018
7.448,57.5,0.651,0.87,2019
7.834,46.76,0.721,0.798,2006
7.879,47.42,0.682,0.688,2007
7.918,48.08,0.717,0.624,2008
7.971,48.74,0.696,0.782,2009
8.054,50.06,0.663,0.864,2011
8.094,50.72,0.788,0.78,2012
8.111,51.38,0.77,0.761,2013
8.124,52.04,0.812,0.706,2014
8.121,52.7,0.759,0.691,2015
8.127,53.125,0.812,0.767,2016
8.13,53.55,0.823,0.744,2017
8.139,53.975,0.791,0.718,2018
8.123,54.4,0.811,0.638,2019
8.066,54.825,0.75,0.767,2020
8.082,55.25,0.833,0.619,2021
7.46,40.4,0.431,0.822,2006
7.413,41.6,0.456,0.828,2007
7.21,42.8,0.344,0.843,2008
7.313,44.0,0.411,0.806,2009
7.495,45.2,0.665,0.857,2010
7.617,46.4,0.633,0.865,2011
7.745,47.6,0.47,0.896,2012
7.755,48.8,0.576,0.799,2013
7.748,50.0,0.642,0.766,2014
7.747,51.2,0.667,0.736,2015
7.735,51.675,0.733,0.768,2016
7.754,52.15,0.753,0.754,2017
7.783,52.625,0.763,0.775,2018
7.698,53.1,0.632,0.759,2019
7.596,53.575,0.643,0.717,2020
7.657,54.05,0.668,0.685,2021
7.67,54.525,0.652,0.666,2022
